[{"code": "AD", "name": "Andorra", "capital": "Andorra la Vella", "shapePath": "/country-shapes/all/ad/vector.svg", "flagPath": "https://flagcdn.com/w640/ad.png"}, {"code": "AE", "name": "United Arab Emirates", "capital": "Abu Dhabi", "shapePath": "/country-shapes/all/ae/vector.svg", "flagPath": "https://flagcdn.com/w640/ae.png"}, {"code": "AF", "name": "Afghanistan", "capital": "Kabul", "shapePath": "/country-shapes/all/af/vector.svg", "flagPath": "https://flagcdn.com/w640/af.png"}, {"code": "AG", "name": "Antigua and Barbuda", "capital": "Saint John's", "shapePath": "/country-shapes/all/ag/vector.svg", "flagPath": "https://flagcdn.com/w640/ag.png"}, {"code": "AI", "name": "Anguilla", "capital": "The Valley", "shapePath": "/country-shapes/all/ai/vector.svg", "flagPath": "https://flagcdn.com/w640/ai.png"}, {"code": "AL", "name": "Albania", "capital": "Tirana", "shapePath": "/country-shapes/all/al/vector.svg", "flagPath": "https://flagcdn.com/w640/al.png"}, {"code": "AM", "name": "Armenia", "capital": "Yerevan", "shapePath": "/country-shapes/all/am/vector.svg", "flagPath": "https://flagcdn.com/w640/am.png"}, {"code": "AO", "name": "Angola", "capital": "Luanda", "shapePath": "/country-shapes/all/ao/vector.svg", "flagPath": "https://flagcdn.com/w640/ao.png"}, {"code": "AQ", "name": "Antarctica", "capital": "", "shapePath": "/country-shapes/all/aq/vector.svg", "flagPath": "https://flagcdn.com/w640/aq.png"}, {"code": "AR", "name": "Argentina", "capital": "Buenos Aires", "shapePath": "/country-shapes/all/ar/vector.svg", "flagPath": "https://flagcdn.com/w640/ar.png"}, {"code": "AS", "name": "American Samoa", "capital": "Pago Pago", "shapePath": "/country-shapes/all/as/vector.svg", "flagPath": "https://flagcdn.com/w640/as.png"}, {"code": "AT", "name": "Austria", "capital": "Vienna", "shapePath": "/country-shapes/all/at/vector.svg", "flagPath": "https://flagcdn.com/w640/at.png"}, {"code": "AU", "name": "Australia", "capital": "Canberra", "shapePath": "/country-shapes/all/au/vector.svg", "flagPath": "https://flagcdn.com/w640/au.png"}, {"code": "AW", "name": "Aruba", "capital": "Oranjestad", "shapePath": "/country-shapes/all/aw/vector.svg", "flagPath": "https://flagcdn.com/w640/aw.png"}, {"code": "AX", "name": "\u00c5land Islands", "capital": "Mariehamn", "shapePath": "/country-shapes/all/ax/vector.svg", "flagPath": "https://flagcdn.com/w640/ax.png"}, {"code": "AZ", "name": "Azerbaijan", "capital": "Baku", "shapePath": "/country-shapes/all/az/vector.svg", "flagPath": "https://flagcdn.com/w640/az.png"}, {"code": "BA", "name": "Bosnia and Herzegovina", "capital": "Sarajevo", "shapePath": "/country-shapes/all/ba/vector.svg", "flagPath": "https://flagcdn.com/w640/ba.png"}, {"code": "BB", "name": "Barbados", "capital": "Bridgetown", "shapePath": "/country-shapes/all/bb/vector.svg", "flagPath": "https://flagcdn.com/w640/bb.png"}, {"code": "BD", "name": "Bangladesh", "capital": "Dhaka", "shapePath": "/country-shapes/all/bd/vector.svg", "flagPath": "https://flagcdn.com/w640/bd.png"}, {"code": "BE", "name": "Belgium", "capital": "Brussels", "shapePath": "/country-shapes/all/be/vector.svg", "flagPath": "https://flagcdn.com/w640/be.png"}, {"code": "BF", "name": "Burkina Faso", "capital": "Ouagadougou", "shapePath": "/country-shapes/all/bf/vector.svg", "flagPath": "https://flagcdn.com/w640/bf.png"}, {"code": "BG", "name": "Bulgaria", "capital": "Sofia", "shapePath": "/country-shapes/all/bg/vector.svg", "flagPath": "https://flagcdn.com/w640/bg.png"}, {"code": "BH", "name": "Bahrain", "capital": "Manama", "shapePath": "/country-shapes/all/bh/vector.svg", "flagPath": "https://flagcdn.com/w640/bh.png"}, {"code": "BI", "name": "Burundi", "capital": "Gitega", "shapePath": "/country-shapes/all/bi/vector.svg", "flagPath": "https://flagcdn.com/w640/bi.png"}, {"code": "BJ", "name": "Benin", "capital": "Porto-Novo", "shapePath": "/country-shapes/all/bj/vector.svg", "flagPath": "https://flagcdn.com/w640/bj.png"}, {"code": "BL", "name": "Saint Barth\u00e9lemy", "capital": "Gustavia", "shapePath": "/country-shapes/all/bl/vector.svg", "flagPath": "https://flagcdn.com/w640/bl.png"}, {"code": "BM", "name": "Bermuda", "capital": "Hamilton", "shapePath": "/country-shapes/all/bm/vector.svg", "flagPath": "https://flagcdn.com/w640/bm.png"}, {"code": "BN", "name": "Brunei", "capital": "Bandar Seri Begawan", "shapePath": "/country-shapes/all/bn/vector.svg", "flagPath": "https://flagcdn.com/w640/bn.png"}, {"code": "BO", "name": "Bolivia", "capital": "Sucre", "shapePath": "/country-shapes/all/bo/vector.svg", "flagPath": "https://flagcdn.com/w640/bo.png"}, {"code": "BQ", "name": "Caribbean Netherlands", "capital": "Kralendijk", "shapePath": "/country-shapes/all/bq/vector.svg", "flagPath": "https://flagcdn.com/w640/bq.png"}, {"code": "BR", "name": "Brazil", "capital": "Bras\u00edlia", "shapePath": "/country-shapes/all/br/vector.svg", "flagPath": "https://flagcdn.com/w640/br.png"}, {"code": "BS", "name": "Bahamas", "capital": "Nassau", "shapePath": "/country-shapes/all/bs/vector.svg", "flagPath": "https://flagcdn.com/w640/bs.png"}, {"code": "BT", "name": "Bhutan", "capital": "Thimphu", "shapePath": "/country-shapes/all/bt/vector.svg", "flagPath": "https://flagcdn.com/w640/bt.png"}, {"code": "BV", "name": "Bouvet Island", "capital": "", "shapePath": "/country-shapes/all/bv/vector.svg", "flagPath": "https://flagcdn.com/w640/bv.png"}, {"code": "BW", "name": "Botswana", "capital": "Gaborone", "shapePath": "/country-shapes/all/bw/vector.svg", "flagPath": "https://flagcdn.com/w640/bw.png"}, {"code": "BY", "name": "Belarus", "capital": "Minsk", "shapePath": "/country-shapes/all/by/vector.svg", "flagPath": "https://flagcdn.com/w640/by.png"}, {"code": "BZ", "name": "Belize", "capital": "Belmopan", "shapePath": "/country-shapes/all/bz/vector.svg", "flagPath": "https://flagcdn.com/w640/bz.png"}, {"code": "CA", "name": "Canada", "capital": "Ottawa", "shapePath": "/country-shapes/all/ca/vector.svg", "flagPath": "https://flagcdn.com/w640/ca.png"}, {"code": "CC", "name": "Cocos (Keeling) Islands", "capital": "West Island", "shapePath": "/country-shapes/all/cc/vector.svg", "flagPath": "https://flagcdn.com/w640/cc.png"}, {"code": "CD", "name": "DR Congo", "capital": "Kinshasa", "shapePath": "/country-shapes/all/cd/vector.svg", "flagPath": "https://flagcdn.com/w640/cd.png"}, {"code": "CF", "name": "Central African Republic", "capital": "Bangui", "shapePath": "/country-shapes/all/cf/vector.svg", "flagPath": "https://flagcdn.com/w640/cf.png"}, {"code": "CG", "name": "Republic of the Congo", "capital": "Brazzaville", "shapePath": "/country-shapes/all/cg/vector.svg", "flagPath": "https://flagcdn.com/w640/cg.png"}, {"code": "CH", "name": "Switzerland", "capital": "Bern", "shapePath": "/country-shapes/all/ch/vector.svg", "flagPath": "https://flagcdn.com/w640/ch.png"}, {"code": "CI", "name": "Ivory Coast", "capital": "Yamoussoukro", "shapePath": "/country-shapes/all/ci/vector.svg", "flagPath": "https://flagcdn.com/w640/ci.png"}, {"code": "CK", "name": "Cook Islands", "capital": "Avarua", "shapePath": "/country-shapes/all/ck/vector.svg", "flagPath": "https://flagcdn.com/w640/ck.png"}, {"code": "CL", "name": "Chile", "capital": "Santiago", "shapePath": "/country-shapes/all/cl/vector.svg", "flagPath": "https://flagcdn.com/w640/cl.png"}, {"code": "CM", "name": "Cameroon", "capital": "Yaound\u00e9", "shapePath": "/country-shapes/all/cm/vector.svg", "flagPath": "https://flagcdn.com/w640/cm.png"}, {"code": "CN", "name": "China", "capital": "Beijing", "shapePath": "/country-shapes/all/cn/vector.svg", "flagPath": "https://flagcdn.com/w640/cn.png"}, {"code": "CO", "name": "Colombia", "capital": "Bogot\u00e1", "shapePath": "/country-shapes/all/co/vector.svg", "flagPath": "https://flagcdn.com/w640/co.png"}, {"code": "CR", "name": "Costa Rica", "capital": "San Jos\u00e9", "shapePath": "/country-shapes/all/cr/vector.svg", "flagPath": "https://flagcdn.com/w640/cr.png"}, {"code": "CU", "name": "Cuba", "capital": "Havana", "shapePath": "/country-shapes/all/cu/vector.svg", "flagPath": "https://flagcdn.com/w640/cu.png"}, {"code": "CV", "name": "Cape Verde", "capital": "Praia", "shapePath": "/country-shapes/all/cv/vector.svg", "flagPath": "https://flagcdn.com/w640/cv.png"}, {"code": "CW", "name": "Cura\u00e7ao", "capital": "Willemstad", "shapePath": "/country-shapes/all/cw/vector.svg", "flagPath": "https://flagcdn.com/w640/cw.png"}, {"code": "CX", "name": "Christmas Island", "capital": "Flying Fish Cove", "shapePath": "/country-shapes/all/cx/vector.svg", "flagPath": "https://flagcdn.com/w640/cx.png"}, {"code": "CY", "name": "Cyprus", "capital": "Nicosia", "shapePath": "/country-shapes/all/cy/vector.svg", "flagPath": "https://flagcdn.com/w640/cy.png"}, {"code": "CZ", "name": "Czechia", "capital": "Prague", "shapePath": "/country-shapes/all/cz/vector.svg", "flagPath": "https://flagcdn.com/w640/cz.png"}, {"code": "DE", "name": "Germany", "capital": "Berlin", "shapePath": "/country-shapes/all/de/vector.svg", "flagPath": "https://flagcdn.com/w640/de.png"}, {"code": "DJ", "name": "Djibouti", "capital": "Djibouti", "shapePath": "/country-shapes/all/dj/vector.svg", "flagPath": "https://flagcdn.com/w640/dj.png"}, {"code": "DK", "name": "Denmark", "capital": "Copenhagen", "shapePath": "/country-shapes/all/dk/vector.svg", "flagPath": "https://flagcdn.com/w640/dk.png"}, {"code": "DM", "name": "Dominica", "capital": "Roseau", "shapePath": "/country-shapes/all/dm/vector.svg", "flagPath": "https://flagcdn.com/w640/dm.png"}, {"code": "DO", "name": "Dominican Republic", "capital": "Santo Domingo", "shapePath": "/country-shapes/all/do/vector.svg", "flagPath": "https://flagcdn.com/w640/do.png"}, {"code": "DZ", "name": "Algeria", "capital": "Algiers", "shapePath": "/country-shapes/all/dz/vector.svg", "flagPath": "https://flagcdn.com/w640/dz.png"}, {"code": "EC", "name": "Ecuador", "capital": "Quito", "shapePath": "/country-shapes/all/ec/vector.svg", "flagPath": "https://flagcdn.com/w640/ec.png"}, {"code": "EE", "name": "Estonia", "capital": "Tallinn", "shapePath": "/country-shapes/all/ee/vector.svg", "flagPath": "https://flagcdn.com/w640/ee.png"}, {"code": "EG", "name": "Egypt", "capital": "Cairo", "shapePath": "/country-shapes/all/eg/vector.svg", "flagPath": "https://flagcdn.com/w640/eg.png"}, {"code": "EH", "name": "Western Sahara", "capital": "El Aai\u00fan", "shapePath": "/country-shapes/all/eh/vector.svg", "flagPath": "https://flagcdn.com/w640/eh.png"}, {"code": "ER", "name": "Eritrea", "capital": "Asmara", "shapePath": "/country-shapes/all/er/vector.svg", "flagPath": "https://flagcdn.com/w640/er.png"}, {"code": "ES", "name": "Spain", "capital": "Madrid", "shapePath": "/country-shapes/all/es/vector.svg", "flagPath": "https://flagcdn.com/w640/es.png"}, {"code": "ET", "name": "Ethiopia", "capital": "Addis Ababa", "shapePath": "/country-shapes/all/et/vector.svg", "flagPath": "https://flagcdn.com/w640/et.png"}, {"code": "FI", "name": "Finland", "capital": "Helsinki", "shapePath": "/country-shapes/all/fi/vector.svg", "flagPath": "https://flagcdn.com/w640/fi.png"}, {"code": "FJ", "name": "Fiji", "capital": "Suva", "shapePath": "/country-shapes/all/fj/vector.svg", "flagPath": "https://flagcdn.com/w640/fj.png"}, {"code": "FK", "name": "Falkland Islands", "capital": "Stanley", "shapePath": "/country-shapes/all/fk/vector.svg", "flagPath": "https://flagcdn.com/w640/fk.png"}, {"code": "FO", "name": "Faroe Islands", "capital": "T\u00f3rshavn", "shapePath": "/country-shapes/all/fo/vector.svg", "flagPath": "https://flagcdn.com/w640/fo.png"}, {"code": "FR", "name": "France", "capital": "Paris", "shapePath": "/country-shapes/all/fr/vector.svg", "flagPath": "https://flagcdn.com/w640/fr.png"}, {"code": "GA", "name": "Gabon", "capital": "Libreville", "shapePath": "/country-shapes/all/ga/vector.svg", "flagPath": "https://flagcdn.com/w640/ga.png"}, {"code": "GB", "name": "United Kingdom", "capital": "London", "shapePath": "/country-shapes/all/gb/vector.svg", "flagPath": "https://flagcdn.com/w640/gb.png"}, {"code": "GD", "name": "Grenada", "capital": "St. George's", "shapePath": "/country-shapes/all/gd/vector.svg", "flagPath": "https://flagcdn.com/w640/gd.png"}, {"code": "GE", "name": "Georgia", "capital": "Tbilisi", "shapePath": "/country-shapes/all/ge/vector.svg", "flagPath": "https://flagcdn.com/w640/ge.png"}, {"code": "GF", "name": "French Guiana", "capital": "Cayenne", "shapePath": "/country-shapes/all/gf/vector.svg", "flagPath": "https://flagcdn.com/w640/gf.png"}, {"code": "GG", "name": "Guernsey", "capital": "St. Peter Port", "shapePath": "/country-shapes/all/gg/vector.svg", "flagPath": "https://flagcdn.com/w640/gg.png"}, {"code": "GH", "name": "Ghana", "capital": "Accra", "shapePath": "/country-shapes/all/gh/vector.svg", "flagPath": "https://flagcdn.com/w640/gh.png"}, {"code": "GI", "name": "Gibraltar", "capital": "Gibraltar", "shapePath": "/country-shapes/all/gi/vector.svg", "flagPath": "https://flagcdn.com/w640/gi.png"}, {"code": "GL", "name": "Greenland", "capital": "Nuuk", "shapePath": "/country-shapes/all/gl/vector.svg", "flagPath": "https://flagcdn.com/w640/gl.png"}, {"code": "GM", "name": "Gambia", "capital": "Banjul", "shapePath": "/country-shapes/all/gm/vector.svg", "flagPath": "https://flagcdn.com/w640/gm.png"}, {"code": "GN", "name": "Guinea", "capital": "Conakry", "shapePath": "/country-shapes/all/gn/vector.svg", "flagPath": "https://flagcdn.com/w640/gn.png"}, {"code": "GP", "name": "Guadeloupe", "capital": "Basse-Terre", "shapePath": "/country-shapes/all/gp/vector.svg", "flagPath": "https://flagcdn.com/w640/gp.png"}, {"code": "GQ", "name": "Equatorial Guinea", "capital": "Malabo", "shapePath": "/country-shapes/all/gq/vector.svg", "flagPath": "https://flagcdn.com/w640/gq.png"}, {"code": "GR", "name": "Greece", "capital": "Athens", "shapePath": "/country-shapes/all/gr/vector.svg", "flagPath": "https://flagcdn.com/w640/gr.png"}, {"code": "GS", "name": "South Georgia", "capital": "King Edward Point", "shapePath": "/country-shapes/all/gs/vector.svg", "flagPath": "https://flagcdn.com/w640/gs.png"}, {"code": "GT", "name": "Guatemala", "capital": "Guatemala City", "shapePath": "/country-shapes/all/gt/vector.svg", "flagPath": "https://flagcdn.com/w640/gt.png"}, {"code": "GU", "name": "Guam", "capital": "Hag\u00e5t\u00f1a", "shapePath": "/country-shapes/all/gu/vector.svg", "flagPath": "https://flagcdn.com/w640/gu.png"}, {"code": "GW", "name": "Guinea-Bissau", "capital": "Bissau", "shapePath": "/country-shapes/all/gw/vector.svg", "flagPath": "https://flagcdn.com/w640/gw.png"}, {"code": "GY", "name": "Guyana", "capital": "Georgetown", "shapePath": "/country-shapes/all/gy/vector.svg", "flagPath": "https://flagcdn.com/w640/gy.png"}, {"code": "HK", "name": "Hong Kong", "capital": "City of Victoria", "shapePath": "/country-shapes/all/hk/vector.svg", "flagPath": "https://flagcdn.com/w640/hk.png"}, {"code": "HM", "name": "Heard Island and McDonald Islands", "capital": "", "shapePath": "/country-shapes/all/hm/vector.svg", "flagPath": "https://flagcdn.com/w640/hm.png"}, {"code": "HN", "name": "Honduras", "capital": "Tegucigalpa", "shapePath": "/country-shapes/all/hn/vector.svg", "flagPath": "https://flagcdn.com/w640/hn.png"}, {"code": "HR", "name": "Croatia", "capital": "Zagreb", "shapePath": "/country-shapes/all/hr/vector.svg", "flagPath": "https://flagcdn.com/w640/hr.png"}, {"code": "HT", "name": "Haiti", "capital": "Port-au-Prince", "shapePath": "/country-shapes/all/ht/vector.svg", "flagPath": "https://flagcdn.com/w640/ht.png"}, {"code": "HU", "name": "Hungary", "capital": "Budapest", "shapePath": "/country-shapes/all/hu/vector.svg", "flagPath": "https://flagcdn.com/w640/hu.png"}, {"code": "ID", "name": "Indonesia", "capital": "Jakarta", "shapePath": "/country-shapes/all/id/vector.svg", "flagPath": "https://flagcdn.com/w640/id.png"}, {"code": "IE", "name": "Ireland", "capital": "Dublin", "shapePath": "/country-shapes/all/ie/vector.svg", "flagPath": "https://flagcdn.com/w640/ie.png"}, {"code": "IL", "name": "Israel", "capital": "Jerusalem", "shapePath": "/country-shapes/all/il/vector.svg", "flagPath": "https://flagcdn.com/w640/il.png"}, {"code": "IM", "name": "Isle of Man", "capital": "Douglas", "shapePath": "/country-shapes/all/im/vector.svg", "flagPath": "https://flagcdn.com/w640/im.png"}, {"code": "IN", "name": "India", "capital": "New Delhi", "shapePath": "/country-shapes/all/in/vector.svg", "flagPath": "https://flagcdn.com/w640/in.png"}, {"code": "IO", "name": "British Indian Ocean Territory", "capital": "Diego Garcia", "shapePath": "/country-shapes/all/io/vector.svg", "flagPath": "https://flagcdn.com/w640/io.png"}, {"code": "IQ", "name": "Iraq", "capital": "Baghdad", "shapePath": "/country-shapes/all/iq/vector.svg", "flagPath": "https://flagcdn.com/w640/iq.png"}, {"code": "IR", "name": "Iran", "capital": "Tehran", "shapePath": "/country-shapes/all/ir/vector.svg", "flagPath": "https://flagcdn.com/w640/ir.png"}, {"code": "IS", "name": "Iceland", "capital": "Reykjavik", "shapePath": "/country-shapes/all/is/vector.svg", "flagPath": "https://flagcdn.com/w640/is.png"}, {"code": "IT", "name": "Italy", "capital": "Rome", "shapePath": "/country-shapes/all/it/vector.svg", "flagPath": "https://flagcdn.com/w640/it.png"}, {"code": "JM", "name": "Jamaica", "capital": "Kingston", "shapePath": "/country-shapes/all/jm/vector.svg", "flagPath": "https://flagcdn.com/w640/jm.png"}, {"code": "JO", "name": "Jordan", "capital": "Amman", "shapePath": "/country-shapes/all/jo/vector.svg", "flagPath": "https://flagcdn.com/w640/jo.png"}, {"code": "JP", "name": "Japan", "capital": "Tokyo", "shapePath": "/country-shapes/all/jp/vector.svg", "flagPath": "https://flagcdn.com/w640/jp.png"}, {"code": "KE", "name": "Kenya", "capital": "Nairobi", "shapePath": "/country-shapes/all/ke/vector.svg", "flagPath": "https://flagcdn.com/w640/ke.png"}, {"code": "KG", "name": "Kyrgyzstan", "capital": "Bishkek", "shapePath": "/country-shapes/all/kg/vector.svg", "flagPath": "https://flagcdn.com/w640/kg.png"}, {"code": "KH", "name": "Cambodia", "capital": "Phnom Penh", "shapePath": "/country-shapes/all/kh/vector.svg", "flagPath": "https://flagcdn.com/w640/kh.png"}, {"code": "KI", "name": "Kiribati", "capital": "South Tarawa", "shapePath": "/country-shapes/all/ki/vector.svg", "flagPath": "https://flagcdn.com/w640/ki.png"}, {"code": "KM", "name": "Comoros", "capital": "Moroni", "shapePath": "/country-shapes/all/km/vector.svg", "flagPath": "https://flagcdn.com/w640/km.png"}, {"code": "KN", "name": "Saint Kitts and Nevis", "capital": "Basseterre", "shapePath": "/country-shapes/all/kn/vector.svg", "flagPath": "https://flagcdn.com/w640/kn.png"}, {"code": "KP", "name": "North Korea", "capital": "Pyongyang", "shapePath": "/country-shapes/all/kp/vector.svg", "flagPath": "https://flagcdn.com/w640/kp.png"}, {"code": "KR", "name": "South Korea", "capital": "Seoul", "shapePath": "/country-shapes/all/kr/vector.svg", "flagPath": "https://flagcdn.com/w640/kr.png"}, {"code": "KW", "name": "Kuwait", "capital": "Kuwait City", "shapePath": "/country-shapes/all/kw/vector.svg", "flagPath": "https://flagcdn.com/w640/kw.png"}, {"code": "KY", "name": "Cayman Islands", "capital": "George Town", "shapePath": "/country-shapes/all/ky/vector.svg", "flagPath": "https://flagcdn.com/w640/ky.png"}, {"code": "KZ", "name": "Kazakhstan", "capital": "Astana", "shapePath": "/country-shapes/all/kz/vector.svg", "flagPath": "https://flagcdn.com/w640/kz.png"}, {"code": "LA", "name": "Laos", "capital": "Vientiane", "shapePath": "/country-shapes/all/la/vector.svg", "flagPath": "https://flagcdn.com/w640/la.png"}, {"code": "LB", "name": "Lebanon", "capital": "Beirut", "shapePath": "/country-shapes/all/lb/vector.svg", "flagPath": "https://flagcdn.com/w640/lb.png"}, {"code": "LC", "name": "Saint Lucia", "capital": "Castries", "shapePath": "/country-shapes/all/lc/vector.svg", "flagPath": "https://flagcdn.com/w640/lc.png"}, {"code": "LI", "name": "Liechtenstein", "capital": "Vaduz", "shapePath": "/country-shapes/all/li/vector.svg", "flagPath": "https://flagcdn.com/w640/li.png"}, {"code": "LK", "name": "Sri Lanka", "capital": "Sri Jayawardenepura Kotte", "shapePath": "/country-shapes/all/lk/vector.svg", "flagPath": "https://flagcdn.com/w640/lk.png"}, {"code": "LR", "name": "Liberia", "capital": "Monrovia", "shapePath": "/country-shapes/all/lr/vector.svg", "flagPath": "https://flagcdn.com/w640/lr.png"}, {"code": "LS", "name": "Lesotho", "capital": "Maseru", "shapePath": "/country-shapes/all/ls/vector.svg", "flagPath": "https://flagcdn.com/w640/ls.png"}, {"code": "LT", "name": "Lithuania", "capital": "Vilnius", "shapePath": "/country-shapes/all/lt/vector.svg", "flagPath": "https://flagcdn.com/w640/lt.png"}, {"code": "LU", "name": "Luxembourg", "capital": "Luxembourg", "shapePath": "/country-shapes/all/lu/vector.svg", "flagPath": "https://flagcdn.com/w640/lu.png"}, {"code": "LV", "name": "Latvia", "capital": "Riga", "shapePath": "/country-shapes/all/lv/vector.svg", "flagPath": "https://flagcdn.com/w640/lv.png"}, {"code": "LY", "name": "Libya", "capital": "Tripoli", "shapePath": "/country-shapes/all/ly/vector.svg", "flagPath": "https://flagcdn.com/w640/ly.png"}, {"code": "MA", "name": "Morocco", "capital": "Rabat", "shapePath": "/country-shapes/all/ma/vector.svg", "flagPath": "https://flagcdn.com/w640/ma.png"}, {"code": "MC", "name": "Monaco", "capital": "Monaco", "shapePath": "/country-shapes/all/mc/vector.svg", "flagPath": "https://flagcdn.com/w640/mc.png"}, {"code": "MD", "name": "Moldova", "capital": "Chi\u0219in\u0103u", "shapePath": "/country-shapes/all/md/vector.svg", "flagPath": "https://flagcdn.com/w640/md.png"}, {"code": "ME", "name": "Montenegro", "capital": "Podgorica", "shapePath": "/country-shapes/all/me/vector.svg", "flagPath": "https://flagcdn.com/w640/me.png"}, {"code": "MF", "name": "Saint Martin", "capital": "Marigot", "shapePath": "/country-shapes/all/mf/vector.svg", "flagPath": "https://flagcdn.com/w640/mf.png"}, {"code": "MG", "name": "Madagascar", "capital": "Antananarivo", "shapePath": "/country-shapes/all/mg/vector.svg", "flagPath": "https://flagcdn.com/w640/mg.png"}, {"code": "MK", "name": "North Macedonia", "capital": "Skopje", "shapePath": "/country-shapes/all/mk/vector.svg", "flagPath": "https://flagcdn.com/w640/mk.png"}, {"code": "ML", "name": "Mali", "capital": "Bamako", "shapePath": "/country-shapes/all/ml/vector.svg", "flagPath": "https://flagcdn.com/w640/ml.png"}, {"code": "MM", "name": "Myanmar", "capital": "Naypyidaw", "shapePath": "/country-shapes/all/mm/vector.svg", "flagPath": "https://flagcdn.com/w640/mm.png"}, {"code": "MN", "name": "Mongolia", "capital": "Ulan Bator", "shapePath": "/country-shapes/all/mn/vector.svg", "flagPath": "https://flagcdn.com/w640/mn.png"}, {"code": "MO", "name": "Macau", "capital": "", "shapePath": "/country-shapes/all/mo/vector.svg", "flagPath": "https://flagcdn.com/w640/mo.png"}, {"code": "MQ", "name": "Martinique", "capital": "Fort-de-France", "shapePath": "/country-shapes/all/mq/vector.svg", "flagPath": "https://flagcdn.com/w640/mq.png"}, {"code": "MR", "name": "Mauritania", "capital": "Nouakchott", "shapePath": "/country-shapes/all/mr/vector.svg", "flagPath": "https://flagcdn.com/w640/mr.png"}, {"code": "MS", "name": "Montserrat", "capital": "Plymouth", "shapePath": "/country-shapes/all/ms/vector.svg", "flagPath": "https://flagcdn.com/w640/ms.png"}, {"code": "MT", "name": "Malta", "capital": "Valletta", "shapePath": "/country-shapes/all/mt/vector.svg", "flagPath": "https://flagcdn.com/w640/mt.png"}, {"code": "MU", "name": "Mauritius", "capital": "Port Louis", "shapePath": "/country-shapes/all/mu/vector.svg", "flagPath": "https://flagcdn.com/w640/mu.png"}, {"code": "MV", "name": "Maldives", "capital": "Mal\u00e9", "shapePath": "/country-shapes/all/mv/vector.svg", "flagPath": "https://flagcdn.com/w640/mv.png"}, {"code": "MW", "name": "Malawi", "capital": "Lilongwe", "shapePath": "/country-shapes/all/mw/vector.svg", "flagPath": "https://flagcdn.com/w640/mw.png"}, {"code": "MX", "name": "Mexico", "capital": "Mexico City", "shapePath": "/country-shapes/all/mx/vector.svg", "flagPath": "https://flagcdn.com/w640/mx.png"}, {"code": "MY", "name": "Malaysia", "capital": "Kuala Lumpur", "shapePath": "/country-shapes/all/my/vector.svg", "flagPath": "https://flagcdn.com/w640/my.png"}, {"code": "MZ", "name": "Mozambique", "capital": "Maputo", "shapePath": "/country-shapes/all/mz/vector.svg", "flagPath": "https://flagcdn.com/w640/mz.png"}, {"code": "NA", "name": "Namibia", "capital": "Windhoek", "shapePath": "/country-shapes/all/na/vector.svg", "flagPath": "https://flagcdn.com/w640/na.png"}, {"code": "NC", "name": "New Caledonia", "capital": "Noum\u00e9a", "shapePath": "/country-shapes/all/nc/vector.svg", "flagPath": "https://flagcdn.com/w640/nc.png"}, {"code": "NE", "name": "Niger", "capital": "Niamey", "shapePath": "/country-shapes/all/ne/vector.svg", "flagPath": "https://flagcdn.com/w640/ne.png"}, {"code": "NF", "name": "Norfolk Island", "capital": "Kingston", "shapePath": "/country-shapes/all/nf/vector.svg", "flagPath": "https://flagcdn.com/w640/nf.png"}, {"code": "NG", "name": "Nigeria", "capital": "Abuja", "shapePath": "/country-shapes/all/ng/vector.svg", "flagPath": "https://flagcdn.com/w640/ng.png"}, {"code": "NI", "name": "Nicaragua", "capital": "Managua", "shapePath": "/country-shapes/all/ni/vector.svg", "flagPath": "https://flagcdn.com/w640/ni.png"}, {"code": "NL", "name": "Netherlands", "capital": "Amsterdam", "shapePath": "/country-shapes/all/nl/vector.svg", "flagPath": "https://flagcdn.com/w640/nl.png"}, {"code": "NO", "name": "Norway", "capital": "Oslo", "shapePath": "/country-shapes/all/no/vector.svg", "flagPath": "https://flagcdn.com/w640/no.png"}, {"code": "NP", "name": "Nepal", "capital": "Kathmandu", "shapePath": "/country-shapes/all/np/vector.svg", "flagPath": "https://flagcdn.com/w640/np.png"}, {"code": "NR", "name": "Nauru", "capital": "Yaren", "shapePath": "/country-shapes/all/nr/vector.svg", "flagPath": "https://flagcdn.com/w640/nr.png"}, {"code": "NU", "name": "Niue", "capital": "Alofi", "shapePath": "/country-shapes/all/nu/vector.svg", "flagPath": "https://flagcdn.com/w640/nu.png"}, {"code": "NZ", "name": "New Zealand", "capital": "Wellington", "shapePath": "/country-shapes/all/nz/vector.svg", "flagPath": "https://flagcdn.com/w640/nz.png"}, {"code": "OM", "name": "Oman", "capital": "Muscat", "shapePath": "/country-shapes/all/om/vector.svg", "flagPath": "https://flagcdn.com/w640/om.png"}, {"code": "PA", "name": "Panama", "capital": "Panama City", "shapePath": "/country-shapes/all/pa/vector.svg", "flagPath": "https://flagcdn.com/w640/pa.png"}, {"code": "PE", "name": "Peru", "capital": "Lima", "shapePath": "/country-shapes/all/pe/vector.svg", "flagPath": "https://flagcdn.com/w640/pe.png"}, {"code": "PF", "name": "French Polynesia", "capital": "Papeet\u0113", "shapePath": "/country-shapes/all/pf/vector.svg", "flagPath": "https://flagcdn.com/w640/pf.png"}, {"code": "PG", "name": "Papua New Guinea", "capital": "Port Moresby", "shapePath": "/country-shapes/all/pg/vector.svg", "flagPath": "https://flagcdn.com/w640/pg.png"}, {"code": "PH", "name": "Philippines", "capital": "Manila", "shapePath": "/country-shapes/all/ph/vector.svg", "flagPath": "https://flagcdn.com/w640/ph.png"}, {"code": "PK", "name": "Pakistan", "capital": "Islamabad", "shapePath": "/country-shapes/all/pk/vector.svg", "flagPath": "https://flagcdn.com/w640/pk.png"}, {"code": "PL", "name": "Poland", "capital": "Warsaw", "shapePath": "/country-shapes/all/pl/vector.svg", "flagPath": "https://flagcdn.com/w640/pl.png"}, {"code": "PM", "name": "Saint Pierre and Miquelon", "capital": "Saint-Pierre", "shapePath": "/country-shapes/all/pm/vector.svg", "flagPath": "https://flagcdn.com/w640/pm.png"}, {"code": "PN", "name": "Pitcairn Islands", "capital": "Adamstown", "shapePath": "/country-shapes/all/pn/vector.svg", "flagPath": "https://flagcdn.com/w640/pn.png"}, {"code": "PR", "name": "Puerto Rico", "capital": "San Juan", "shapePath": "/country-shapes/all/pr/vector.svg", "flagPath": "https://flagcdn.com/w640/pr.png"}, {"code": "PS", "name": "Palestine", "capital": "Ramallah", "shapePath": "/country-shapes/all/ps/vector.svg", "flagPath": "https://flagcdn.com/w640/ps.png"}, {"code": "PT", "name": "Portugal", "capital": "Lisbon", "shapePath": "/country-shapes/all/pt/vector.svg", "flagPath": "https://flagcdn.com/w640/pt.png"}, {"code": "PW", "name": "Palau", "capital": "Ngerulmud", "shapePath": "/country-shapes/all/pw/vector.svg", "flagPath": "https://flagcdn.com/w640/pw.png"}, {"code": "PY", "name": "Paraguay", "capital": "Asunci\u00f3n", "shapePath": "/country-shapes/all/py/vector.svg", "flagPath": "https://flagcdn.com/w640/py.png"}, {"code": "QA", "name": "Qatar", "capital": "Doha", "shapePath": "/country-shapes/all/qa/vector.svg", "flagPath": "https://flagcdn.com/w640/qa.png"}, {"code": "RE", "name": "R\u00e9union", "capital": "Saint-Denis", "shapePath": "/country-shapes/all/re/vector.svg", "flagPath": "https://flagcdn.com/w640/re.png"}, {"code": "RO", "name": "Romania", "capital": "Bucharest", "shapePath": "/country-shapes/all/ro/vector.svg", "flagPath": "https://flagcdn.com/w640/ro.png"}, {"code": "RS", "name": "Serbia", "capital": "Belgrade", "shapePath": "/country-shapes/all/rs/vector.svg", "flagPath": "https://flagcdn.com/w640/rs.png"}, {"code": "RU", "name": "Russia", "capital": "Moscow", "shapePath": "/country-shapes/all/ru/vector.svg", "flagPath": "https://flagcdn.com/w640/ru.png"}, {"code": "RW", "name": "Rwanda", "capital": "Kigali", "shapePath": "/country-shapes/all/rw/vector.svg", "flagPath": "https://flagcdn.com/w640/rw.png"}, {"code": "SA", "name": "Saudi Arabia", "capital": "Riyadh", "shapePath": "/country-shapes/all/sa/vector.svg", "flagPath": "https://flagcdn.com/w640/sa.png"}, {"code": "SB", "name": "Solomon Islands", "capital": "Honiara", "shapePath": "/country-shapes/all/sb/vector.svg", "flagPath": "https://flagcdn.com/w640/sb.png"}, {"code": "SC", "name": "Seychelles", "capital": "Victoria", "shapePath": "/country-shapes/all/sc/vector.svg", "flagPath": "https://flagcdn.com/w640/sc.png"}, {"code": "SD", "name": "Sudan", "capital": "Khartoum", "shapePath": "/country-shapes/all/sd/vector.svg", "flagPath": "https://flagcdn.com/w640/sd.png"}, {"code": "SE", "name": "Sweden", "capital": "Stockholm", "shapePath": "/country-shapes/all/se/vector.svg", "flagPath": "https://flagcdn.com/w640/se.png"}, {"code": "SG", "name": "Singapore", "capital": "Singapore", "shapePath": "/country-shapes/all/sg/vector.svg", "flagPath": "https://flagcdn.com/w640/sg.png"}, {"code": "SH", "name": "Saint Helena, Ascension and Tristan da Cunha", "capital": "Jamestown", "shapePath": "/country-shapes/all/sh/vector.svg", "flagPath": "https://flagcdn.com/w640/sh.png"}, {"code": "SI", "name": "Slovenia", "capital": "Ljubljana", "shapePath": "/country-shapes/all/si/vector.svg", "flagPath": "https://flagcdn.com/w640/si.png"}, {"code": "SJ", "name": "Svalbard and Jan Mayen", "capital": "Longyearbyen", "shapePath": "/country-shapes/all/sj/vector.svg", "flagPath": "https://flagcdn.com/w640/sj.png"}, {"code": "SK", "name": "Slovakia", "capital": "Bratislava", "shapePath": "/country-shapes/all/sk/vector.svg", "flagPath": "https://flagcdn.com/w640/sk.png"}, {"code": "SL", "name": "Sierra Leone", "capital": "Freetown", "shapePath": "/country-shapes/all/sl/vector.svg", "flagPath": "https://flagcdn.com/w640/sl.png"}, {"code": "SM", "name": "San Marino", "capital": "City of San Marino", "shapePath": "/country-shapes/all/sm/vector.svg", "flagPath": "https://flagcdn.com/w640/sm.png"}, {"code": "SN", "name": "Senegal", "capital": "Dakar", "shapePath": "/country-shapes/all/sn/vector.svg", "flagPath": "https://flagcdn.com/w640/sn.png"}, {"code": "SO", "name": "Somalia", "capital": "Mogadishu", "shapePath": "/country-shapes/all/so/vector.svg", "flagPath": "https://flagcdn.com/w640/so.png"}, {"code": "SR", "name": "Suriname", "capital": "Paramaribo", "shapePath": "/country-shapes/all/sr/vector.svg", "flagPath": "https://flagcdn.com/w640/sr.png"}, {"code": "SS", "name": "South Sudan", "capital": "Juba", "shapePath": "/country-shapes/all/ss/vector.svg", "flagPath": "https://flagcdn.com/w640/ss.png"}, {"code": "ST", "name": "S\u00e3o Tom\u00e9 and Pr\u00edncipe", "capital": "S\u00e3o Tom\u00e9", "shapePath": "/country-shapes/all/st/vector.svg", "flagPath": "https://flagcdn.com/w640/st.png"}, {"code": "SV", "name": "El Salvador", "capital": "San Salvador", "shapePath": "/country-shapes/all/sv/vector.svg", "flagPath": "https://flagcdn.com/w640/sv.png"}, {"code": "SX", "name": "Sint Maarten", "capital": "Philipsburg", "shapePath": "/country-shapes/all/sx/vector.svg", "flagPath": "https://flagcdn.com/w640/sx.png"}, {"code": "SY", "name": "Syria", "capital": "Damascus", "shapePath": "/country-shapes/all/sy/vector.svg", "flagPath": "https://flagcdn.com/w640/sy.png"}, {"code": "SZ", "name": "Eswatini", "capital": "Mbabane", "shapePath": "/country-shapes/all/sz/vector.svg", "flagPath": "https://flagcdn.com/w640/sz.png"}, {"code": "TC", "name": "Turks and Caicos Islands", "capital": "Cockburn Town", "shapePath": "/country-shapes/all/tc/vector.svg", "flagPath": "https://flagcdn.com/w640/tc.png"}, {"code": "TD", "name": "Chad", "capital": "N'Djamena", "shapePath": "/country-shapes/all/td/vector.svg", "flagPath": "https://flagcdn.com/w640/td.png"}, {"code": "TF", "name": "French Southern and Antarctic Lands", "capital": "Port-aux-Fran\u00e7ais", "shapePath": "/country-shapes/all/tf/vector.svg", "flagPath": "https://flagcdn.com/w640/tf.png"}, {"code": "TG", "name": "Togo", "capital": "Lom\u00e9", "shapePath": "/country-shapes/all/tg/vector.svg", "flagPath": "https://flagcdn.com/w640/tg.png"}, {"code": "TH", "name": "Thailand", "capital": "Bangkok", "shapePath": "/country-shapes/all/th/vector.svg", "flagPath": "https://flagcdn.com/w640/th.png"}, {"code": "TJ", "name": "Tajikistan", "capital": "Dushanbe", "shapePath": "/country-shapes/all/tj/vector.svg", "flagPath": "https://flagcdn.com/w640/tj.png"}, {"code": "TK", "name": "Tokelau", "capital": "Fakaofo", "shapePath": "/country-shapes/all/tk/vector.svg", "flagPath": "https://flagcdn.com/w640/tk.png"}, {"code": "TL", "name": "Timor-Leste", "capital": "Dili", "shapePath": "/country-shapes/all/tl/vector.svg", "flagPath": "https://flagcdn.com/w640/tl.png"}, {"code": "TM", "name": "Turkmenistan", "capital": "Ashgabat", "shapePath": "/country-shapes/all/tm/vector.svg", "flagPath": "https://flagcdn.com/w640/tm.png"}, {"code": "TN", "name": "Tunisia", "capital": "Tunis", "shapePath": "/country-shapes/all/tn/vector.svg", "flagPath": "https://flagcdn.com/w640/tn.png"}, {"code": "TO", "name": "Tonga", "capital": "Nuku'alofa", "shapePath": "/country-shapes/all/to/vector.svg", "flagPath": "https://flagcdn.com/w640/to.png"}, {"code": "TR", "name": "Turkey", "capital": "Ankara", "shapePath": "/country-shapes/all/tr/vector.svg", "flagPath": "https://flagcdn.com/w640/tr.png"}, {"code": "TT", "name": "Trinidad and Tobago", "capital": "Port of Spain", "shapePath": "/country-shapes/all/tt/vector.svg", "flagPath": "https://flagcdn.com/w640/tt.png"}, {"code": "TW", "name": "Taiwan", "capital": "Taipei", "shapePath": "/country-shapes/all/tw/vector.svg", "flagPath": "https://flagcdn.com/w640/tw.png"}, {"code": "TZ", "name": "Tanzania", "capital": "Dodoma", "shapePath": "/country-shapes/all/tz/vector.svg", "flagPath": "https://flagcdn.com/w640/tz.png"}, {"code": "UA", "name": "Ukraine", "capital": "Kyiv", "shapePath": "/country-shapes/all/ua/vector.svg", "flagPath": "https://flagcdn.com/w640/ua.png"}, {"code": "UG", "name": "Uganda", "capital": "Kampala", "shapePath": "/country-shapes/all/ug/vector.svg", "flagPath": "https://flagcdn.com/w640/ug.png"}, {"code": "US", "name": "United States", "capital": "Washington, D.C.", "shapePath": "/country-shapes/all/us/vector.svg", "flagPath": "https://flagcdn.com/w640/us.png"}, {"code": "UY", "name": "Uruguay", "capital": "Montevideo", "shapePath": "/country-shapes/all/uy/vector.svg", "flagPath": "https://flagcdn.com/w640/uy.png"}, {"code": "UZ", "name": "Uzbekistan", "capital": "Tashkent", "shapePath": "/country-shapes/all/uz/vector.svg", "flagPath": "https://flagcdn.com/w640/uz.png"}, {"code": "VA", "name": "Vatican City", "capital": "Vatican City", "shapePath": "/country-shapes/all/va/vector.svg", "flagPath": "https://flagcdn.com/w640/va.png"}, {"code": "VC", "name": "Saint Vincent and the Grenadines", "capital": "Kingstown", "shapePath": "/country-shapes/all/vc/vector.svg", "flagPath": "https://flagcdn.com/w640/vc.png"}, {"code": "VE", "name": "Venezuela", "capital": "Caracas", "shapePath": "/country-shapes/all/ve/vector.svg", "flagPath": "https://flagcdn.com/w640/ve.png"}, {"code": "VG", "name": "British Virgin Islands", "capital": "Road Town", "shapePath": "/country-shapes/all/vg/vector.svg", "flagPath": "https://flagcdn.com/w640/vg.png"}, {"code": "VI", "name": "United States Virgin Islands", "capital": "Charlotte Amalie", "shapePath": "/country-shapes/all/vi/vector.svg", "flagPath": "https://flagcdn.com/w640/vi.png"}, {"code": "VN", "name": "Vietnam", "capital": "Hanoi", "shapePath": "/country-shapes/all/vn/vector.svg", "flagPath": "https://flagcdn.com/w640/vn.png"}, {"code": "VU", "name": "Vanuatu", "capital": "Port Vila", "shapePath": "/country-shapes/all/vu/vector.svg", "flagPath": "https://flagcdn.com/w640/vu.png"}, {"code": "WF", "name": "Wallis and Futuna", "capital": "Mata-Utu", "shapePath": "/country-shapes/all/wf/vector.svg", "flagPath": "https://flagcdn.com/w640/wf.png"}, {"code": "WS", "name": "Samoa", "capital": "Apia", "shapePath": "/country-shapes/all/ws/vector.svg", "flagPath": "https://flagcdn.com/w640/ws.png"}, {"code": "YE", "name": "Yemen", "capital": "Sana'a", "shapePath": "/country-shapes/all/ye/vector.svg", "flagPath": "https://flagcdn.com/w640/ye.png"}, {"code": "YT", "name": "Mayotte", "capital": "Mamoudzou", "shapePath": "/country-shapes/all/yt/vector.svg", "flagPath": "https://flagcdn.com/w640/yt.png"}, {"code": "ZA", "name": "South Africa", "capital": "Pretoria", "shapePath": "/country-shapes/all/za/vector.svg", "flagPath": "https://flagcdn.com/w640/za.png"}, {"code": "ZM", "name": "Zambia", "capital": "Lusaka", "shapePath": "/country-shapes/all/zm/vector.svg", "flagPath": "https://flagcdn.com/w640/zm.png"}, {"code": "ZW", "name": "Zimbabwe", "capital": "Harare", "shapePath": "/country-shapes/all/zw/vector.svg", "flagPath": "https://flagcdn.com/w640/zw.png"}]